{
    "timestamp": "2025-03-25T16:14:50.116074",
    "bill_length_mm": 43.9790403302779,
    "bill_depth_mm": 17.67018906199478,
    "flipper_length_mm": 215.99938872577417,
    "body_mass_g": 3752.5424351489537,
    "predicted_species": "Gentoo"
}