{
    "timestamp": "2025-03-30T05:39:38.636652",
    "bill_length_mm": 43.159113044647164,
    "bill_depth_mm": 14.663447136893936,
    "flipper_length_mm": 210.8965154965039,
    "body_mass_g": 3855.3786127040885,
    "predicted_species": "Gentoo"
}