{
    "timestamp": "2025-04-01T05:43:03.539854",
    "bill_length_mm": 35.93457491583991,
    "bill_depth_mm": 17.650244984384553,
    "flipper_length_mm": 196.2259536493397,
    "body_mass_g": 3576.761734298502,
    "predicted_species": "Adelie"
}