{
    "timestamp": "2025-03-27T05:41:05.701728",
    "bill_length_mm": 45.687098989175226,
    "bill_depth_mm": 17.81369500094816,
    "flipper_length_mm": 185.3148608425986,
    "body_mass_g": 4554.993173705314,
    "predicted_species": "Chinstrap"
}