{
    "timestamp": "2025-03-21T06:47:47.847538",
    "bill_length_mm": 51.26829157251165,
    "bill_depth_mm": 19.067119646433515,
    "flipper_length_mm": 194.8879720909085,
    "body_mass_g": 3355.194368399064,
    "predicted_species": "Chinstrap"
}
