{
    "timestamp": "2025-03-31T05:41:54.268611",
    "bill_length_mm": 35.368774505224955,
    "bill_depth_mm": 18.356426743167795,
    "flipper_length_mm": 203.2520792860286,
    "body_mass_g": 4619.562193170389,
    "predicted_species": "Adelie"
}