{
    "timestamp": "2025-04-06T05:40:02.006851",
    "bill_length_mm": 44.591049344317554,
    "bill_depth_mm": 16.62642281800148,
    "flipper_length_mm": 211.37613907921613,
    "body_mass_g": 5052.641450137844,
    "predicted_species": "Gentoo"
}